sep =,
pair count,test#,cost,time,total_branchings,path,errors,precise,cost,time,total_generated_paths,path,errors,data
3,1,114709.25726763, 3.3064699172974, 146,"0 1 2 3 6 4 5 0","",25, 0,0.021466970443726,0,"","","[[9019,1158,5,10,2,9],[5308,20692,11,9,9,36],[8640,29862,3,2,1,44],[14063,25736],[13303,23632],[32939,36755]]"
,,,,,,,50, 0,0.026612997055054,0,"","","[[9019,1158,5,10,2,9],[5308,20692,11,9,9,36],[8640,29862,3,2,1,44],[14063,25736],[13303,23632],[32939,36755]]"
,,,,,,,100, 0,0.019305944442749,0,"","","[[9019,1158,5,10,2,9],[5308,20692,11,9,9,36],[8640,29862,3,2,1,44],[14063,25736],[13303,23632],[32939,36755]]"
