sep =,
pair count,test#,cost,time,total_branchings,path,errors,cost,time,total_generated_paths,path,errors,data
2,1,1032.2447716199, 1.0150580406189, 15,"0 2 4 1 3 0","",1032.2447716199,0.33201885223389,4,"0 2 4 1 3 0","","[[85,406,12,15,7,4],[417,350,20,20,17,11],[242,191],[373,500]]"
2,2,1277.3152894179, 1.9311101436615, 18,"0 2 1 3 4 0","",1277.3152894179,0.8250470161438,6,"0 2 1 3 4 0","","[[436,462,7,11,13,15],[417,447,14,8,19,10],[244,497],[426,67]]"
3,1,1442.3035716431, 36.621094942093, 212,"0 1 3 6 2 4 5 0","",1466.2637148418,1.256071805954,25,"0 2 3 1 5 4 6 0","","[[35,74,7,4,17,19],[279,221,17,18,6,6],[230,112,14,12,15,9],[261,324],[34,336],[493,164]]"
3,2,697.13964817544, 15.856907129288, 112,"0 3 2 5 1 6 4 0","",776.99459435283,1.0930619239807,20,"0 2 5 3 1 6 4 0","","[[233,252,17,19,8,1],[119,199,17,17,19,20],[120,20,3,11,12,4],[299,231],[157,217],[249,273]]"
